{
  "ContentItem": [
    {
      "type": "articles",
      "config": {
        "endpoint": "content/articles"
      },
      "properties": {
        "id": "id",
        "asset_id": null,
        "title": "title",
        "alias": "alias",
        "articletext": {
          "ccm": "context",
          "format": "url_replace"
        },
        "url": "url",
        "urls": "urls",
        "attribs": null,
        "summary": "summary",
        "state": {
          "ccm": "status",
          "map": {
            "publish": 1,
            "draft": 0,
            "pending": 0,
            "future": 0,
            "private": 0,
            "trash": -2
          },
          "default": 0
        },
        "created": {
          "ccm": "created",
          "format_date": "Y-m-d H:i:s"
        },
        "created_by": {
          "ccm": "author",
          "type": "string",
          "format": "id_map",
          "entityType": "users"
        },
        "created_by_alias": null,
        "modified": {
          "ccm": "modified",
          "format_date": "Y-m-d H:i:s"
        },
        "modified_by": null,
        "checked_out": null,
        "checked_out_time": null,
        "type": "type",
        "publish_up": null,
        "publish_down": null,
        "image": "image",
        "images": {
          "ccm": "featured_image",
          "format": "image",
          "field": "image_intro"
        },
        "version": null,
        "metakey": null,
        "metadesc": null,
        "language": {
          "ccm": "language",
          "default": "*"
        },
        "access": null,
        "hits": null,
        "custom_fields": {
          "ccm": "metadata",
          "format": "custom_fields"
        },
        "featured": null,
        "note": null,
        "author": "author",
        "categories": {
          "ccm": "categories",
          "type": "string"
        },
        "catid": {
          "ccm": "categories",
          "default": 2,
          "type": "string",
          "format": "id_map",
          "entityType": "categories"
        },
        "tags": {
          "ccm": "tags",
          "type": "string",
          "format": "array"
        }
      },
      "required": [
        "id",
        "title",
        "text"
      ]
    },
    {
      "type": "categories",
      "config": {
        "endpoint": "content/categories"
      },
      "properties": {
        "id": "id",
        "title": "title",
        "alias": {
          "ccm": "alias",
          "map": {
            "uncategorized": "uncategorised"
          }
        },
        "type": "type",
        "note": null,
        "published": {
          "ccm": "published",
          "default": 1
        },
        "access": null,
        "checked_out": null,
        "checked_out_time": null,
        "created_user_id": null,
        "parent_id": {
          "ccm": "parent",
          "format": "id_map"
        },
        "level": null,
        "lft": null,
        "rgt": null,
        "language": {
          "ccm": "language",
          "default": "*"
        },
        "description": "description",
        "language_title": null,
        "language_image": null,
        "editor": null,
        "access_level": null,
        "author_name": null,
        "count_trashed": null,
        "count_unpublished": null,
        "count_published": null,
        "count_archived": null
      }
    },
    {
      "type": "media",
      "config": {
        "endpoint": "media/files",
        "content_type": "application/json"
      },
      "properties": {
        "id": "id",
        "title": "title",
        "alt_text": "alt",
        "caption": "caption",
        "description": "description",
        "media_type": "type",
        "mime_type": "mime_type",
        "extension": "extension",
        "url": "url",
        "thumbnails": "thumbnails",
        "post_ID": "post_id",
        "date": {
          "ccm": "date",
          "format_date": "Y-m-d H:i:s"
        },
        "date_gmt": {
          "ccm": "date_gmt",
          "format_date": "Y-m-d H:i:s"
        },
        "modified": {
          "ccm": "modified",
          "format_date": "Y-m-d H:i:s"
        },
        "modified_gmt": {
          "ccm": "modified_gmt",
          "format_date": "Y-m-d H:i:s"
        },
        "slug": "slug",
        "status": {
          "ccm": "status",
          "map": {
            "publish": "inherit",
            "draft": "inherit",
            "private": "private"
          },
          "default": "inherit"
        },
        "guid": "guid",
        "author_id": "author_id",
        "file": "file",
        "media_details": {
          "width": "width",
          "height": "height",
          "file": "file",
          "sizes": "sizes",
          "filesize": "filesize"
        },
        "height": "height",
        "width": "width",
        "length": "length",
        "videopress_guid": "videopress_guid",
        "videopress_processing_done": "videopress_processing_done",
        "post": "post_id",
        "link": "link",
        "path": "path",
        "folder": "folder"
      },
      "required": [
        "id",
        "mime_type"
      ]
    },
    {
      "type": "tags",
      "config": {
        "endpoint": "tags"
      },
      "properties": {
        "id": "id",
        "title": "title",
        "alias": "alias",
        "description": "description",
        "created_user_id": null,
        "language": {
          "default": "*"
        },
        "parent_id": {
          "default": 1
        },
        "published": {
          "ccm": "status",
          "map": {
            "publish": 1,
            "draft": 0,
            "pending": 0,
            "future": 0,
            "private": 0,
            "trash": -2
          },
          "default": 1
        }
      }
    },
    {
      "type": "menus",
      "config": {
        "endpoint": "menus/site"
      },
      "properties": {
        "id": "id",
        "title": "title",
        "description": "description",
        "client_id": {
          "ccm": "client_id",
          "default": 0
        },
        "menutype": "alias"
      }
    },
    {
      "type": "menu_items",
      "config": {
        "endpoint": "menus/site/items"
      },
      "properties": {
        "id": "id",
        "menutype": {
          "ccm": "menutype",
          "format": "name_map",
          "type": "string"
        },
        "title": "title",
        "alias": {
          "ccm": "alias",
          "format": "alias"
        },
        "link": {
          "ccm": "object_id",
          "format": "link_builder",
          "template": "index.php?option=com_content&view=:view&id=:id",
          "params": {
            "id": {
              "source": "id_map",
              "ccm_key": "object_id",
              "map_type": "articles"
            },
            "view": {
              "source": "map",
              "ccm_key": "type",
              "map": {
                "post": "article",
                "page": "article",
                "category": "category&layout=blog"
              }
            }
          }
        },
        "published": {
          "ccm": "status",
          "map": {
            "publish": 1,
            "draft": 0,
            "pending": 0,
            "future": 0,
            "private": 0,
            "trash": -2
          },
          "default": 1
        },
        "type": {
          "ccm": "type",
          "map": {
            "category": "component",
            "post": "component",
            "page": "component",
            "custom": "url"
          },
          "default": "component"
        },
        "component_id": {
          "ccm": "type",
          "map": {
            "post": "19",
            "category": "19",
            "custom": "0"
          },
          "default": "0"
        },
        "request": {
          "ccm": "object_id",
          "format": "object_builder",
          "params": {
            "id": {
              "source": "id_map",
              "ccm_key": "object_id",
              "map_type": "articles"
            }
          }
        },
        "language": {
          "ccm": "language",
          "default": "*"
        }
      }
    },
    {
      "type": "users",
      "config": {
        "endpoint": "users"
      },
      "properties": {
        "id": "id",
        "name": "name",
        "email": "email",
        "username": "username",
        "password": {
          "ccm": "password",
          "format": "password"
        },
        "groups": {
          "ccm": "roles",
          "type": "array",
          "format": "array",
          "map": {
            "subscriber": 2,
            "contributor": 3,
            "author": 3,
            "editor": 4,
            "administrator": 7,
            "super_admin": 8
          },
          "default": 2
        },
        "status": "status",
        "registerDate": "date",
        "modified": "modified",
        "last_login": "last_login",
        "avatar": "avatar"
      }
    }
  ]
}
