{
  "ContentItem": [
    {
      "type": "posts",
      "config": {
        "endpoint": "wp-json/wp/v2/posts"
      },
      "properties": {
        "id": "id",
        "site_ID": null,
        "author": "author",
        "date": "created",
        "date_gmt": null,
        "modified": "modified",
        "modified_gmt": null,
        "title": {
          "ccm": "title",
          "type": "string",
          "nested": "rendered"
        },
        "link": "url",
        "permalink_template": null,
        "URL": "url",
        "short_URL": null,
        "content": {
          "ccm": "context",
          "type": "string",
          "nested": "rendered"
        },
        "excerpt": {
          "ccm": "summary",
          "type": "string",
          "nested": "rendered"
        },
        "slug": "alias",
        "generated_slug": "alias",
        "guid": null,
        "status": "status",
        "sticky": null,
        "password": null,
        "parent": null,
        "type": "type",
        "comment_status": null,
        "ping_status": null,
        "discussion": null,
        "likes_enabled": null,
        "sharing_enabled": null,
        "like_count": null,
        "i_like": null,
        "is_reblogged": null,
        "is_following": null,
        "global_ID": "uid",
        "featured_image": "image",
        "post_thumbnail": "images",
        "featured_media": "featured_image",
        "format": null,
        "geo": null,
        "menu_order": null,
        "page_template": null,
        "template": null,
        "publicize_URLs": "urls",
        "terms": "categories",
        "tags": "tags",
        "categories": "categories",
        "attachments": null,
        "attachment_count": null,
        "metadata": "metadata",
        "meta": null,
        "capabilities": null,
        "other_URLs": "urls"
      }
    },
    {
      "type": "pages",
      "config": {
        "endpoint": "wp-json/wp/v2/pages"
      },
      "properties": {
        "id": "id",
        "site_ID": null,
        "author": "author",
        "date": "created",
        "date_gmt": null,
        "modified": "modified",
        "modified_gmt": null,
        "title": {
          "ccm": "title",
          "type": "string",
          "nested": "rendered"
        },
        "link": "url",
        "permalink_template": null,
        "URL": "url",
        "short_URL": null,
        "content": {
          "ccm": "context",
          "type": "string",
          "nested": "rendered"
        },
        "excerpt": {
          "ccm": "summary",
          "type": "string",
          "nested": "rendered"
        },
        "slug": "alias",
        "generated_slug": "alias",
        "guid": null,
        "status": "status",
        "sticky": null,
        "password": null,
        "parent": null,
        "type": "type",
        "comment_status": null,
        "ping_status": null,
        "discussion": null,
        "likes_enabled": null,
        "sharing_enabled": null,
        "like_count": null,
        "i_like": null,
        "is_reblogged": null,
        "is_following": null,
        "global_ID": "uid",
        "featured_image": "image",
        "post_thumbnail": "images",
        "featured_media": "featured_image",
        "format": null,
        "geo": null,
        "menu_order": null,
        "page_template": null,
        "template": null,
        "publicize_URLs": "urls",
        "terms": "categories",
        "tags": "tags",
        "categories": "categories",
        "attachments": null,
        "attachment_count": null,
        "metadata": "metadata",
        "meta": null,
        "capabilities": null,
        "other_URLs": "urls"
      }
    },
    {
      "type": "categories",
      "config": {
        "endpoint": "wp-json/wp/v2/categories"
      },
      "properties": {
        "id": "id",
        "site_ID": null,
        "name": "title",
        "description": "description",
        "slug": "alias",
        "parent": "parent",
        "post_count": null,
        "feed_url": null,
        "link": "url",
        "taxonomy": "type",
        "meta": "meta",
        "menu_id": "menu_id"
      }
    },
    {
      "type": "media",
      "config": {
        "endpoint": "wp-json/wp/v2/media"
      },
      "properties": {
        "id": "id",
        "title": {
          "ccm": "title",
          "type": "string",
          "nested": "rendered"
        },
        "alt": "alt",
        "caption": {
          "ccm": "caption",
          "type": "string",
          "nested": "rendered"
        },
        "description": {
          "ccm": "description",
          "type": "string",
          "nested": "rendered"
        },
        "file": "file",
        "media_type": "type",
        "mime_type": "mime_type",
        "extension": "extension",
        "source_url": "url",
        "thumbnails": "thumbnails",
        "post_ID": "post_id",
        "date": "date",
        "date_gmt": "date_gmt",
        "modified": "modified",
        "modified_gmt": "modified_gmt",
        "author_ID": "author_id",
        "media_details": "media_details",
        "guid": {
          "ccm": "guid",
          "type": "string",
          "nested": "rendered"
        },
        "meta": "meta",
        "height": "height",
        "width": "width",
        "length": "length",
        "videopress_guid": "videopress_guid",
        "videopress_processing_done": "videopress_processing_done"
      }
    },
    {
      "type": "tags",
      "config": {
        "endpoint": "wp-json/wp/v2/tags"
      },
      "properties": {
        "id": "id",
        "name": "title",
        "slug": "alias",
        "description": "description",
        "post_count": null,
        "feed_url": null,
        "meta": "meta"
      }
    },
    {
      "type": "menus",
      "config": {
        "endpoint": "wp-json/wp/v2/menus"
      },
      "properties": {
        "id": "id",
        "name": "title",
        "slug": "alias",
        "description": "description",
        "locations": "locations",
        "auto_add": "auto_add",
        "meta": "meta"
      }
    },
    {
      "type": "menu_items",
      "config": {
        "endpoint": "wp-json/wp/v2/menus/:menu_id/items",
        "depends_on": {
          "type": "menus",
          "param": "menu_id"
        }
      },
      "properties": {
        "id": "id",
        "name": "title",
        "type_label": "type_label",
        "type": "type",
        "status": "status",
        "parent": "parent",
        "attr_title": "attr_title",
        "classes": "classes",
        "description": "description",
        "target": "target",
        "URL": "url",
        "content_ID": "object_id",
        "meta": "meta"
      }
    },
    {
      "type": "users",
      "config": {
        "endpoint": "wp-json/wp/v2/users"
      },
      "properties": {
        "id": "id",
        "login": "login",
        "email": "email",
        "name": "name",
        "first_name": "first_name",
        "last_name": "last_name",
        "slug": "username",
        "URL": "url",
        "avatar_URL": "avatar_url",
        "profile_URL": "profile_url",
        "roles": "roles",
        "site_ID": "site_id",
        "date": "date",
        "is_super_admin": "super_admin",
        "site_visible": "visible",
        "primary_blog": "primary_blog",
        "meta": "meta"
      }
    }
  ]
}
